Position,Const,Created,Modified,Description,Title,Original Title,URL,Title Type,IMDb Rating,Runtime (mins),Year,Genres,Num Votes,Release Date,Directors,Actors_Stars,Direction_Stars,Screenplay_Stars,Oscars,Oscar_Nominations,BAFTA_Awards,BAFTA_Nominations,Golden_Globes,Golden_Globe_Nominations,Action,Adventure,Biography,Comedy,Crime,Drama,Family,Fantasy,Film-Noir,History,Horror,Music,Musical,Mystery,Romance,Sci-Fi,Sport,Thriller,War,Western
1,tt0068646,2012-12-21,2017-03-28,Actors: 5 Stars Direction: 5 Stars Screenplay: 5 StarsOscars: 3    Oscar Nominations: 11 BAFTA Awards: 0 BAFTA Nominations: 4 Golden Globes: 6 Golden Globe Nominations: 8,The Godfather,The Godfather,https://www.imdb.com/title/tt0068646/,Movie,9.2,175,1972,"['Crime', 'Drama']",2107434,1972-03-24,Francis Ford Coppola,5.0,5.0,5.0,3.0,11.0,0.0,4.0,6.0,8.0,0,0,0,0,1,1,0,0,0,0,0,0,0,0,0,0,0,0,0,0
2,tt0111161,2012-12-21,2017-03-26,Actors: 4.8 Stars Direction: 5 Stars Screenplay: 4.9 StarsOscars: 0 Oscar Nominations: 7 BAFTA Awards: 0 BAFTA Nominations: 0 Golden Globes: 0 Golden Globe Nominations: 2,The Shawshank Redemption,The Shawshank Redemption,https://www.imdb.com/title/tt0111161/,Movie,9.3,142,1994,['Drama'],3019758,1994-10-14,Frank Darabont,4.8,5.0,4.9,0.0,7.0,0.0,0.0,0.0,2.0,0,0,0,0,0,1,0,0,0,0,0,0,0,0,0,0,0,0,0,0
3,tt0108052,2012-12-21,2017-03-26,Actors: 4.9 Stars Direction: 5 Stars Screenplay: 5 StarsOscars: 7  Oscar Nominations: 12 BAFTA Awards: 6 BAFTA Nominations: 12 Golden Globes: 3 Golden Globe Nominations: 6,Schindler's List,Schindler's List,https://www.imdb.com/title/tt0108052/,Movie,9.0,195,1993,"['Biography', 'Drama', 'History']",1511813,1994-02-04,Steven Spielberg,4.9,5.0,5.0,7.0,12.0,6.0,12.0,3.0,6.0,0,0,1,0,0,1,0,0,0,1,0,0,0,0,0,0,0,0,0,0
4,tt0081398,2012-12-21,2017-03-26,Actors: 5 Stars Direction: 5 Stars Screenplay: 5 StarsOscars: 2 Oscar Nominations: 8 BAFTA Awards: 2 BAFTA Nominations: 4 Golden Globes: 1 Golden Globe Nominations: 7,Raging Bull,Raging Bull,https://www.imdb.com/title/tt0081398/,Movie,8.1,129,1980,"['Biography', 'Drama', 'Sport']",393315,1980-12-19,Martin Scorsese,5.0,5.0,5.0,2.0,8.0,2.0,4.0,1.0,7.0,0,0,1,0,0,1,0,0,0,0,0,0,0,0,0,0,1,0,0,0
5,tt0034583,2012-12-21,2017-03-26,Actors: 5 Stars Direction: 5 Stars Screenplay: 5 StarsOscars: 3  Oscar Nominations: 8 BAFTA Awards: N/A BAFTA Nominations: N/A Golden Globes: N/A Golden Globe Nominations: N/A,Casablanca,Casablanca,https://www.imdb.com/title/tt0034583/,Movie,8.5,102,1942,"['Drama', 'Romance', 'War']",627818,1943-01-23,Michael Curtiz,5.0,5.0,5.0,3.0,8.0,0.0,0.0,0.0,0.0,0,0,0,0,0,1,0,0,0,0,0,0,0,0,1,0,0,0,1,0
6,tt0033467,2012-12-21,2017-03-26,Actors: 5 Stars Direction: 5 Stars Screenplay: 5 StarsOscars: 1 Oscar Nominations: 9 BAFTA Awards: N/A BAFTA Nominations: N/A Golden Globes: N/A Golden Globe Nominations: N/A,Citizen Kane,Citizen Kane,https://www.imdb.com/title/tt0033467/,Movie,8.3,119,1941,"['Drama', 'Mystery']",478863,1941-09-05,Orson Welles,5.0,5.0,5.0,1.0,9.0,0.0,0.0,0.0,0.0,0,0,0,0,0,1,0,0,0,0,0,0,0,1,0,0,0,0,0,0
7,tt0031381,2012-12-21,2017-03-26,***** Actors: 5 Stars Direction: 5 Stars Screenplay: 5 StarsOscars: 8 Oscar Nominations: 13 BAFTA Awards: N/A BAFTA Nominations: N/A Golden Globes: N/A Golden Globe Nominations: N/A,Gone with the Wind,Gone with the Wind,https://www.imdb.com/title/tt0031381/,Movie,8.2,238,1939,"['Drama', 'Romance', 'War']",344509,1940-01-17,Victor Fleming,5.0,5.0,5.0,8.0,13.0,0.0,0.0,0.0,0.0,0,0,0,0,0,1,0,0,0,0,0,0,0,0,1,0,0,0,1,0
8,tt0032138,2012-12-21,2017-03-26,***** Actors: 5 Stars Direction: 5 Stars Screenplay: 5 StarsOscars: 2 Oscar Nominations: 6 BAFTA Awards: N/A BAFTA Nominations: N/A Golden Globes: N/A Golden Globe Nominations: N/A,The Wizard of Oz,The Wizard of Oz,https://www.imdb.com/title/tt0032138/,Movie,8.1,102,1939,"['Adventure', 'Family', 'Fantasy', 'Musical']",447667,1939-08-25,"Victor Fleming, King Vidor",5.0,5.0,5.0,2.0,6.0,0.0,0.0,0.0,0.0,0,1,0,0,0,0,1,1,0,0,0,0,1,0,0,0,0,0,0,0
9,tt0073486,2012-12-21,2017-03-26,***** Actors: 5 Stars Direction: 5 Stars Screenplay: 5 StarsOscars: 5 Oscar Nominations: 9 BAFTA Awards: 6 BAFTA Nominations: 9 Golden Globes: 6 Golden Globe Nominations: 6,One Flew Over the Cuckoo's Nest,One Flew Over the Cuckoo's Nest,https://www.imdb.com/title/tt0073486/,Movie,8.7,133,1975,['Drama'],1109986,1975-11-19,Milos Forman,5.0,5.0,5.0,5.0,9.0,6.0,9.0,6.0,6.0,0,0,0,0,0,1,0,0,0,0,0,0,0,0,0,0,0,0,0,0
10,tt0056172,2012-12-21,2017-03-26,Actors: 5 Stars Direction: 5 Stars Screenplay: 5 StarsOscars: 7 Oscar Nominations: 10 BAFTA Awards: 4 BAFTA Nominations: 5 Golden Globes: 4 Golden Globe Nominations: 7,Lawrence of Arabia,Lawrence of Arabia,https://www.imdb.com/title/tt0056172/,Movie,8.3,227,1962,"['Adventure', 'Biography', 'Drama', 'War']",327111,2013-04-02,David Lean,5.0,5.0,5.0,7.0,10.0,4.0,5.0,4.0,7.0,0,1,1,0,0,1,0,0,0,0,0,0,0,0,0,0,0,0,1,0
11,tt0052357,2013-04-06,2017-03-26,Actors: 5 Stars Direction: 5 Stars Screenplay: 5 StarsOscars: 0 Oscar Nominations: 2 BAFTA Awards: 0 BAFTA Nominations: 0 Golden Globes: 0 Golden Globe Nominations: 0,Vertigo,Vertigo,https://www.imdb.com/title/tt0052357/,Movie,8.3,128,1958,"['Mystery', 'Romance', 'Thriller']",442517,1958-05-28,Alfred Hitchcock,5.0,5.0,5.0,0.0,2.0,0.0,0.0,0.0,0.0,0,0,0,0,0,0,0,0,0,0,0,0,0,1,1,0,0,1,0,0
12,tt0054215,2012-12-21,2017-03-26,***** Actors: 5 Stars Direction: 5 Stars Screenplay: 5 StarsOscars: 0 Oscar Nominations: 4 BAFTA Awards: 0 BAFTA Nominations: 0 Golden Globes: 1 Golden Globe Nominations: 1,Psycho,Psycho,https://www.imdb.com/title/tt0054215/,Movie,8.5,109,1960,"['Horror', 'Mystery', 'Thriller']",747791,1960-09-08,Alfred Hitchcock,5.0,5.0,5.0,0.0,4.0,0.0,0.0,1.0,1.0,0,0,0,0,0,0,0,0,0,0,1,0,0,1,0,0,0,1,0,0
13,tt0071562,2012-12-21,2017-03-26,Actors: 5 Stars Direction: 5 Stars Screenplay: 5 StarsOscars: 6 Oscar Nominations: 11 BAFTA Awards: 1 BAFTA Nominations: 3 Golden Globes: 0 Golden Globe Nominations: 6,The Godfather Part II,The Godfather Part II,https://www.imdb.com/title/tt0071562/,Movie,9.0,202,1974,"['Crime', 'Drama']",1419319,1974-12-18,Francis Ford Coppola,5.0,5.0,5.0,6.0,11.0,1.0,3.0,0.0,6.0,0,0,0,0,1,1,0,0,0,0,0,0,0,0,0,0,0,0,0,0
14,tt0047296,2012-12-21,2017-03-26,***** Actors: 5 Stars Direction: 5 Stars Screenplay: 5 StarsOscars: 8 Oscar Nominations: 12 BAFTA Awards: 1 BAFTA Nominations: 3 Golden Globes: 4 Golden Globe Nominations: 4,On the Waterfront,On the Waterfront,https://www.imdb.com/title/tt0047296/,Movie,8.1,108,1954,"['Crime', 'Drama', 'Thriller']",171066,1954-06-22,Elia Kazan,5.0,5.0,5.0,8.0,12.0,1.0,3.0,4.0,4.0,0,0,0,0,1,1,0,0,0,0,0,0,0,0,0,0,0,1,0,0
15,tt0043014,2012-12-21,2017-03-26,***** Actors: 5 Stars Direction: 5 Stars Screenplay: 5 StarsOscars: 3 Oscar Nominations: 11 BAFTA Awards: 0 BAFTA Nominations: 0 Golden Globes: 4 Golden Globe Nominations: 7,Sunset Boulevard,Sunset Boulevard,https://www.imdb.com/title/tt0043014/,Movie,8.4,110,1950,"['Drama', 'Film-Noir']",247303,1950-08-04,Billy Wilder,5.0,5.0,5.0,3.0,11.0,0.0,0.0,4.0,7.0,0,0,0,0,0,1,0,0,1,0,0,0,0,0,0,0,0,0,0,0
16,tt0109830,2012-12-21,2017-03-26,Actors: 5 Stars Direction: 5 Stars Screenplay: 5 StarsOscars: 6 Oscar Nominations: 13 BAFTA Awards: 1 BAFTA Nominations: 7 Golden Globes: 3 Golden Globe Nominations: 7,Forrest Gump,Forrest Gump,https://www.imdb.com/title/tt0109830/,Movie,8.8,142,1994,"['Drama', 'Romance']",2360789,1994-07-06,Robert Zemeckis,5.0,5.0,5.0,6.0,13.0,1.0,7.0,3.0,7.0,0,0,0,0,0,1,0,0,0,0,0,0,0,0,1,0,0,0,0,0
17,tt0059742,2012-12-21,2017-03-26,***** Actors: 5 Stars Direction: 5 Stars Screenplay: 5 StarsOscars: 5 Oscar Nominations: 10 BAFTA Awards: 0 BAFTA Nominations: 1 Golden Globes: 2 Golden Globe Nominations: 4,The Sound of Music,The Sound of Music,https://www.imdb.com/title/tt0059742/,Movie,8.1,172,1965,"['Biography', 'Drama', 'Family', 'Musical', 'Romance']",273783,1965-04-01,Robert Wise,5.0,5.0,5.0,5.0,10.0,0.0,1.0,2.0,4.0,0,0,1,0,0,1,1,0,0,0,0,0,1,0,1,0,0,0,0,0
18,tt0050083,2013-04-06,2017-03-26,***** Actors: 5 Stars Direction: 5 Stars Screenplay: 5 StarsOscars: 0 Oscar Nominations: 3 BAFTA Awards: 1 BAFTA Nominations: 2 Golden Globes: 0 Golden Globe Nominations: 4,12 Angry Men,12 Angry Men,https://www.imdb.com/title/tt0050083/,Movie,9.0,96,1957,"['Crime', 'Drama']",916629,1957-04-10,Sidney Lumet,5.0,5.0,5.0,0.0,3.0,1.0,2.0,0.0,4.0,0,0,0,0,1,1,0,0,0,0,0,0,0,0,0,0,0,0,0,0
19,tt0055614,2012-12-21,2017-03-26,***** Actors: 4.9 Stars Direction: 4.9 Stars Screenplay: 4.8 StarsOscars: 10 Oscar Nominations: 11 BAFTA Awards: 0 BAFTA Nominations: 1 Golden Globes: 3 Golden Globe Nominations: 5,West Side Story,West Side Story,https://www.imdb.com/title/tt0055614/,Movie,7.6,153,1961,"['Crime', 'Drama', 'Musical', 'Romance']",124237,1961-12-23,"Jerome Robbins, Robert Wise",4.9,4.9,4.8,10.0,11.0,0.0,1.0,3.0,5.0,0,0,0,0,1,1,0,0,0,0,0,0,1,0,1,0,0,0,0,0
20,tt0076759,2016-06-23,2017-03-26,Actors: 4.8 Stars Direction: 5 Stars Screenplay: 4.9 StarsOscars: 6 Oscar Nominations: 10 BAFTA Awards: 1 BAFTA Nominations: 5 Golden Globes: 1 Golden Globe Nominations: 4,Star Wars: Episode IV - A New Hope,Star Wars,https://www.imdb.com/title/tt0076759/,Movie,8.6,121,1977,"['Action', 'Adventure', 'Fantasy', 'Sci-Fi']",1498133,1977-05-25,George Lucas,4.8,5.0,4.9,6.0,10.0,1.0,5.0,1.0,4.0,1,1,0,0,0,0,0,1,0,0,0,0,0,0,0,1,0,0,0,0
21,tt0062622,2012-12-21,2017-03-28,Actors: 5 Stars Direction: 5 Stars Screenplay: 5 StarsOscars: 1 Oscar Nominations: 4 BAFTA Awards: 3 BAFTA Nominations: 5 Golden Globes: 0 Golden Globe Nominations: 0,2001: A Space Odyssey,2001: A Space Odyssey,https://www.imdb.com/title/tt0062622/,Movie,8.3,149,1968,"['Adventure', 'Sci-Fi']",748463,1968-05-12,Stanley Kubrick,5.0,5.0,5.0,1.0,4.0,3.0,5.0,0.0,0.0,0,1,0,0,0,0,0,0,0,0,0,0,0,0,0,1,0,0,0,0
22,tt0083866,2012-12-21,2017-03-26,***** Actors: 4.8 Stars Direction: 4.9 Stars Screenplay: 4.9 StarsOscars: 4 Oscar Nominations: 9 BAFTA Awards: 1 BAFTA Nominations: 12 Golden Globes: 2 Golden Globe Nominations: 5,E.T. the Extra-Terrestrial,E.T. the Extra-Terrestrial,https://www.imdb.com/title/tt0083866/,Movie,7.9,115,1982,"['Adventure', 'Family', 'Sci-Fi']",451601,1982-06-11,Steven Spielberg,4.8,4.9,4.9,4.0,9.0,1.0,12.0,2.0,5.0,0,1,0,0,0,0,1,0,0,0,0,0,0,0,0,1,0,0,0,0
23,tt0102926,2012-12-21,2017-03-26,Actors: 5 Stars Direction: 5 Stars Screenplay: 5 StarsOscars: 5 Oscar Nominations: 7 BAFTA Awards: 2 BAFTA Nominations: 9 Golden Globes: 1 Golden Globe Nominations: 5,The Silence of the Lambs,The Silence of the Lambs,https://www.imdb.com/title/tt0102926/,Movie,8.6,118,1991,"['Crime', 'Drama', 'Horror', 'Thriller']",1621074,1991-02-14,Jonathan Demme,5.0,5.0,5.0,5.0,7.0,2.0,9.0,1.0,5.0,0,0,0,0,1,1,0,0,0,0,1,0,0,0,0,0,0,1,0,0
24,tt0071315,2012-12-21,2017-03-28,***** Actors: 4.8 Stars Direction: 4.8 Stars Screenplay: 4.8 StarsOscars: 1 Oscar Nominations: 11 BAFTA Awards: 3 BAFTA Nominations: 10 Golden Globes: 4 Golden Globe Nominations: 7,Chinatown,Chinatown,https://www.imdb.com/title/tt0071315/,Movie,8.1,130,1974,"['Drama', 'Mystery', 'Thriller']",362830,1974-06-20,Roman Polanski,4.8,4.8,4.8,1.0,11.0,3.0,10.0,4.0,7.0,0,0,0,0,0,1,0,0,0,0,0,0,0,1,0,0,0,1,0,0
25,tt0050212,2012-12-21,2017-03-26,Actors: 4.8 Stars Direction: 4.9 Stars Screenplay: 4.9 StarsOscars: 7 Oscar Nominations: 8 BAFTA Awards: 4 BAFTA Nominations: 4 Golden Globes: 3 Golden Globe Nominations: 4,The Bridge on the River Kwai,The Bridge on the River Kwai,https://www.imdb.com/title/tt0050212/,Movie,8.1,161,1957,"['Adventure', 'Drama', 'War']",240447,1957-12-14,David Lean,4.8,4.9,4.9,7.0,8.0,4.0,4.0,3.0,4.0,0,1,0,0,0,1,0,0,0,0,0,0,0,0,0,0,0,0,1,0
26,tt0045152,2012-12-21,2017-03-28,***** Actors: 5 Stars Direction: 5 Stars Screenplay: 5 StarsOscars: 0 Oscar Nominations: 2 BAFTA Awards: 0 BAFTA Nominations: 1 Golden Globes: 1 Golden Globe Nominations: 2,Singin' in the Rain,Singin' in the Rain,https://www.imdb.com/title/tt0045152/,Movie,8.3,103,1952,"['Comedy', 'Musical', 'Romance']",270755,1952-04-10,"Stanley Donen, Gene Kelly",5.0,5.0,5.0,0.0,2.0,0.0,1.0,1.0,2.0,0,0,0,1,0,0,0,0,0,0,0,0,1,0,1,0,0,0,0,0
27,tt0038650,2013-04-06,2017-03-28,***** Actors: 5 Stars Direction: 4.9 Stars Screenplay: 4.9 StarsOscars: 0 Oscar Nominations: 5 BAFTA Awards: 0 BAFTA Nominations: 0 Golden Globes: 1 Golden Globe Nominations: 1,It's a Wonderful Life,It's a Wonderful Life,https://www.imdb.com/title/tt0038650/,Movie,8.6,130,1946,"['Drama', 'Family', 'Fantasy', 'Romance']",524675,1947-01-07,Frank Capra,5.0,4.9,4.9,0.0,5.0,0.0,0.0,1.0,1.0,0,0,0,0,0,1,1,1,0,0,0,0,0,0,1,0,0,0,0,0
28,tt0057012,2012-12-21,2017-03-28,Actors: 5 Stars Direction: 5 Stars Screenplay: 5 StarsOscars: 0 Oscar Nominations: 4 BAFTA Awards: 3 BAFTA Nominations: 6 Golden Globes: 0 Golden Globe Nominations: 0,Dr. Strangelove or: How I Learned to Stop Worrying and Love the Bomb,Dr. Strangelove or: How I Learned to Stop Worrying and Love the Bomb,https://www.imdb.com/title/tt0057012/,Movie,8.3,95,1964,"['Comedy', 'War']",535451,1964-01-29,Stanley Kubrick,5.0,5.0,5.0,0.0,4.0,3.0,6.0,0.0,0.0,0,0,0,1,0,0,0,0,0,0,0,0,0,0,0,0,0,0,1,0
29,tt0053291,2012-12-21,2017-03-28,Actors: 5 Stars Direction: 5 Stars Screenplay: 5 StarsOscars: 1 Oscar Nominations: 6 BAFTA Awards: 1 BAFTA Nominations: 2 Golden Globes: 3 Golden Globe Nominations: 3,Some Like It Hot,Some Like It Hot,https://www.imdb.com/title/tt0053291/,Movie,8.2,121,1959,"['Comedy', 'Music', 'Romance']",293233,1959-03-19,Billy Wilder,5.0,5.0,5.0,1.0,6.0,1.0,2.0,3.0,3.0,0,0,0,1,0,0,0,0,0,0,0,1,0,0,1,0,0,0,0,0
30,tt0052618,2012-12-21,2017-03-28,Actors: 5 Stars Direction: 5 Stars Screenplay: 5 StarsOscars: 11 Oscar Nominations: 12 BAFTA Awards: 1 BAFTA Nominations: 1 Golden Globes: 3 Golden Globe Nominations: 4,Ben-Hur,Ben-Hur,https://www.imdb.com/title/tt0052618/,Movie,8.1,212,1959,"['Adventure', 'Drama']",261395,1959-11-18,William Wyler,5.0,5.0,5.0,11.0,12.0,1.0,1.0,3.0,4.0,0,1,0,0,0,1,0,0,0,0,0,0,0,0,0,0,0,0,0,0
31,tt0078788,2012-12-21,2017-03-28,Actors: 5 Stars Direction: 5 Stars Screenplay: 5 StarsOscars: 2 Oscar Nominations: 8 BAFTA Awards: 2 BAFTA Nominations: 8 Golden Globes: 3 Golden Globe Nominations: 4,Apocalypse Now,Apocalypse Now,https://www.imdb.com/title/tt0078788/,Movie,8.4,147,1979,"['Drama', 'Mystery', 'War']",737184,1979-08-15,Francis Ford Coppola,5.0,5.0,5.0,2.0,8.0,2.0,8.0,3.0,4.0,0,0,0,0,0,1,0,0,0,0,0,0,0,1,0,0,0,0,1,0
32,tt0086879,2012-12-21,2017-03-28,***** Actors: 5 Stars Direction: 5 Stars Screenplay: 5 StarsOscars: 8 Oscar Nominations: 11 BAFTA Awards: 4 BAFTA Nominations: 9 Golden Globes: 4 Golden Globe Nominations: 6,Amadeus,Amadeus,https://www.imdb.com/title/tt0086879/,Movie,8.4,160,1984,"['Biography', 'Drama', 'Music']",445789,1984-09-19,Milos Forman,5.0,5.0,5.0,8.0,11.0,4.0,9.0,4.0,6.0,0,0,1,0,0,1,0,0,0,0,0,1,0,0,0,0,0,0,0,0
33,tt0167260,2012-12-21,2017-03-28,Actors: 4.8 Stars Direction: 5 Stars Screenplay: 4.9 StarsOscars: 11 Oscar Nominations: 11 BAFTA Awards: 4 BAFTA Nominations: 10 Golden Globes: 4 Golden Globe Nominations: 4,The Lord of the Rings: The Return of the King,The Lord of the Rings: The Return of the King,https://www.imdb.com/title/tt0167260/,Movie,9.0,201,2003,"['Adventure', 'Drama', 'Fantasy']",2063375,2003-12-17,Peter Jackson,4.8,5.0,4.9,11.0,11.0,4.0,10.0,4.0,4.0,0,1,0,0,0,1,0,1,0,0,0,0,0,0,0,0,0,0,0,0
34,tt0172495,2012-12-21,2017-03-28,***** Actors: 5 Stars Direction: 4.7 Stars Screenplay: 4.7 StarsOscars: 5 Oscar Nominations: 12 BAFTA Awards: 4 BAFTA Nominations: 12 Golden Globes: 2 Golden Globe Nominations: 5,Gladiator,Gladiator,https://www.imdb.com/title/tt0172495/,Movie,8.5,155,2000,"['Action', 'Adventure', 'Drama']",1743313,2000-05-05,Ridley Scott,5.0,4.7,4.7,5.0,12.0,4.0,12.0,2.0,5.0,1,1,0,0,0,1,0,0,0,0,0,0,0,0,0,0,0,0,0,0
35,tt0120338,2012-12-21,2017-03-28,***** Actors: 4.7 Stars Direction: 4.9 Stars Screenplay: 4.5 StarsOscars: 11 Oscar Nominations: 14 BAFTA Awards: 0 BAFTA Nominations: 8 Golden Globes: 4 Golden Globe Nominations: 8,Titanic,Titanic,https://www.imdb.com/title/tt0120338/,Movie,7.9,194,1997,"['Drama', 'Romance']",1330925,1997-12-19,James Cameron,4.7,4.9,4.5,11.0,14.0,0.0,8.0,4.0,8.0,0,0,0,0,0,1,0,0,0,0,0,0,0,0,1,0,0,0,0,0
36,tt0045793,2012-12-21,2017-03-28,Actors: 4.8 Stars Direction: 5 Stars Screenplay: 4.8 StarsOscars: 8 Oscar Nominations: 13 BAFTA Awards: 0 BAFTA Nominations: 1 Golden Globes: 2 Golden Globe Nominations: 2,From Here to Eternity,From Here to Eternity,https://www.imdb.com/title/tt0045793/,Movie,7.6,118,1953,"['Drama', 'Romance', 'War']",52431,1953-08-28,Fred Zinnemann,4.8,5.0,4.8,8.0,13.0,0.0,1.0,2.0,2.0,0,0,0,0,0,1,0,0,0,0,0,0,0,0,1,0,0,0,1,0
37,tt0120815,2012-12-21,2017-03-28,Actors: 4.9 Stars Direction: 4.9 Stars Screenplay: 4.9 StarsOscars: 5 Oscar Nominations: 11 BAFTA Awards: 2 BAFTA Nominations: 8 Golden Globes: 2 Golden Globe Nominations: 5,Saving Private Ryan,Saving Private Ryan,https://www.imdb.com/title/tt0120815/,Movie,8.6,169,1998,"['Drama', 'War']",1558404,1998-07-24,Steven Spielberg,4.9,4.9,4.9,5.0,11.0,2.0,8.0,2.0,5.0,0,0,0,0,0,1,0,0,0,0,0,0,0,0,0,0,0,0,1,0
38,tt0105695,2012-12-21,2017-03-28,Actors: 4.8 Stars Direction: 4.9 Stars Screenplay: 4.9 StarsOscars: 4 Oscar Nominations: 9 BAFTA Awards: 1 BAFTA Nominations: 6 Golden Globes: 2 Golden Globe Nominations: 4,Unforgiven,Unforgiven,https://www.imdb.com/title/tt0105695/,Movie,8.2,130,1992,"['Drama', 'Western']",451533,1992-08-07,Clint Eastwood,4.8,4.9,4.9,4.0,9.0,1.0,6.0,2.0,4.0,0,0,0,0,0,1,0,0,0,0,0,0,0,0,0,0,0,0,0,1
39,tt0082971,2012-12-21,2017-03-28,Actors: 4.7 Stars Direction: 4.9 Stars Screenplay: 4.8 StarsOscars: 4 Oscar Nominations: 8 BAFTA Awards: 1 BAFTA Nominations: 6 Golden Globes: 0 Golden Globe Nominations: 1,Raiders of the Lost Ark,Raiders of the Lost Ark,https://www.imdb.com/title/tt0082971/,Movie,8.4,115,1981,"['Action', 'Adventure']",1068350,1981-06-12,Steven Spielberg,4.7,4.9,4.8,4.0,8.0,1.0,6.0,0.0,1.0,1,1,0,0,0,0,0,0,0,0,0,0,0,0,0,0,0,0,0,0
40,tt0075148,2012-12-21,2017-03-28,Actors: 4.6 Stars Direction: 4.8 Stars Screenplay: 4.6 StarsOscars: 3 Oscar Nominations: 10 BAFTA Awards: 0 BAFTA Nominations: 5 Golden Globes: 1 Golden Globe Nominations: 6,Rocky,Rocky,https://www.imdb.com/title/tt0075148/,Movie,8.1,120,1976,"['Drama', 'Sport']",655253,1976-12-03,John G. Avildsen,4.6,4.8,4.6,3.0,10.0,0.0,5.0,1.0,6.0,0,0,0,0,0,1,0,0,0,0,0,0,0,0,0,0,1,0,0,0
41,tt0044081,2012-12-21,2017-03-28,Actors: 4.9 Stars Direction: 4.9 Stars Screenplay: 4.9 StarsOscars: 4 Oscar Nominations: 12 BAFTA Awards: 1 BAFTA Nominations: 2 Golden Globes: 1 Golden Globe Nominations: 3,A Streetcar Named Desire,A Streetcar Named Desire,https://www.imdb.com/title/tt0044081/,Movie,7.9,122,1951,['Drama'],116938,1951-09-19,Elia Kazan,4.9,4.9,4.9,4.0,12.0,1.0,2.0,1.0,3.0,0,0,0,0,0,1,0,0,0,0,0,0,0,0,0,0,0,0,0,0
42,tt0032904,2012-12-21,2017-03-28,Actors: 4.9 Stars Direction: 4.8 Stars Screenplay: 4.8 StarsOscars: 2 Oscar Nominations: 6 BAFTA Awards: N/A BAFTA Nominations: N/A Golden Globes: N/A Golden Globe Nominations: N/A,The Philadelphia Story,The Philadelphia Story,https://www.imdb.com/title/tt0032904/,Movie,7.8,112,1940,"['Comedy', 'Romance']",75954,1941-01-17,George Cukor,4.9,4.8,4.8,2.0,6.0,0.0,0.0,0.0,0.0,0,0,0,1,0,0,0,0,0,0,0,0,0,0,1,0,0,0,0,0
43,tt0056592,2013-02-05,2017-03-28,Actors: 4.8 Stars Direction: 4.8 Stars Screenplay: 4.7 StarsOscars: 3 Oscar Nominations: 8 BAFTA Awards: 0 BAFTA Nominations: 2 Golden Globes: 3 Golden Globe Nominations: 5,To Kill a Mockingbird,To Kill a Mockingbird,https://www.imdb.com/title/tt0056592/,Movie,8.3,129,1962,"['Crime', 'Drama']",341779,1963-03-16,Robert Mulligan,4.8,4.8,4.7,3.0,8.0,0.0,2.0,3.0,5.0,0,0,0,0,1,1,0,0,0,0,0,0,0,0,0,0,0,0,0,0
44,tt0043278,2012-12-21,2017-03-28,Actors: 4.8 Stars Direction: 4.8 Stars Screenplay: 4.9 StarsOscars: 6 Oscar Nominations: 8 BAFTA Awards: 0 BAFTA Nominations: 1 Golden Globes: 1 Golden Globe Nominations: 3,An American in Paris,An American in Paris,https://www.imdb.com/title/tt0043278/,Movie,7.1,114,1951,"['Drama', 'Musical', 'Romance']",37984,1951-11-11,Vincente Minnelli,4.8,4.8,4.9,6.0,8.0,0.0,1.0,1.0,3.0,0,0,0,0,0,1,0,0,0,0,0,0,1,0,1,0,0,0,0,0
45,tt0036868,2012-12-21,2017-03-28,Actors: 4.8 Stars Direction: 4.9 Stars Screenplay: 4.9 StarsOscars: 7 Oscar Nominations: 8 BAFTA Awards: 1 BAFTA Nominations: 1 Golden Globes: 1 Golden Globe Nominations: 1,The Best Years of Our Lives,The Best Years of Our Lives,https://www.imdb.com/title/tt0036868/,Movie,8.1,170,1946,"['Drama', 'Romance', 'War']",73727,1947-05-29,William Wyler,4.8,4.9,4.9,7.0,8.0,1.0,1.0,1.0,1.0,0,0,0,0,0,1,0,0,0,0,0,0,0,0,1,0,0,0,1,0
46,tt0058385,2012-12-24,2017-03-28,Actors: 4.9 Stars Direction: 4.9 Stars Screenplay: 4.8 StarsOscars: 8 Oscar Nominations: 12 BAFTA Awards: 1 BAFTA Nominations: 2 Golden Globes: 3 Golden Globe Nominations: 5,My Fair Lady,My Fair Lady,https://www.imdb.com/title/tt0058385/,Movie,7.7,170,1964,"['Drama', 'Family', 'Musical', 'Romance']",104550,1964-12-25,George Cukor,4.9,4.9,4.8,8.0,12.0,1.0,2.0,3.0,5.0,0,0,0,0,0,1,1,0,0,0,0,0,1,0,1,0,0,0,0,0
47,tt0066921,2012-12-21,2017-03-28,Actors: 5 Stars Direction: 5 Stars Screenplay: 5 StarsOscars: 0 Oscar Nominations: 4 BAFTA Awards: 0 BAFTA Nominations: 7 Golden Globes: 0 Golden Globe Nominations: 3,A Clockwork Orange,A Clockwork Orange,https://www.imdb.com/title/tt0066921/,Movie,8.2,136,1971,"['Crime', 'Sci-Fi']",906959,1972-02-02,Stanley Kubrick,5.0,5.0,5.0,0.0,4.0,0.0,7.0,0.0,3.0,0,0,0,0,1,0,0,0,0,0,0,0,0,0,0,1,0,0,0,0
48,tt0059113,2012-12-21,2017-03-28,Actors: 5 Stars Direction: 5 Stars Screenplay: 5 StarsOscars: 5 Oscar Nominations: 10 BAFTA Awards: 0 BAFTA Nominations: 3 Golden Globes: 5 Golden Globe Nominations: 6,Doctor Zhivago,Doctor Zhivago,https://www.imdb.com/title/tt0059113/,Movie,7.9,197,1965,"['Drama', 'Romance', 'War']",84237,1965-12-31,David Lean,5.0,5.0,5.0,5.0,10.0,0.0,3.0,5.0,6.0,0,0,0,0,0,1,0,0,0,0,0,0,0,0,1,0,0,0,1,0
49,tt0049730,2017-01-21,2017-03-28,***** Actors: 4.9 Stars Direction: 5 Stars Screenplay: 5 StarsOscars: 0 Oscar Nominations: 0 BAFTA Awards: 0 BAFTA Award Nominations: 0 Golden Globes: 0 Golden Globe Nominations: 0,The Searchers,The Searchers,https://www.imdb.com/title/tt0049730/,Movie,7.8,119,1956,"['Adventure', 'Drama', 'Western']",99715,1956-05-26,John Ford,4.9,5.0,5.0,0.0,0.0,0.0,0.0,0.0,0.0,0,1,0,0,0,1,0,0,0,0,0,0,0,0,0,0,0,0,0,1
50,tt0073195,2012-12-21,2017-03-28,Actors: 4.7 Stars Direction: 4.8 Stars Screenplay: 4.7 StarsOscars: 3 Oscar Nominations: 4 BAFTA Awards: 0 BAFTA Nominations: 6 Golden Globes: 1 Golden Globe Nominations: 4,Jaws,Jaws,https://www.imdb.com/title/tt0073195/,Movie,8.1,124,1975,"['Adventure', 'Drama', 'Horror', 'Thriller']",689491,1975-06-20,Steven Spielberg,4.7,4.8,4.7,3.0,4.0,0.0,6.0,1.0,4.0,0,1,0,0,0,1,0,0,0,0,1,0,0,0,0,0,0,1,0,0
51,tt0066206,2012-12-21,2017-03-28,***** Actors: 5 Stars Direction: 5 Stars Screenplay: 5 StarsOscars: 7 Oscar Nominations: 10 BAFTA Awards: 0 BAFTA Nominations: 2 Golden Globes: 1 Golden Globe Nominations: 3,Patton,Patton,https://www.imdb.com/title/tt0066206/,Movie,7.9,172,1970,"['Biography', 'Drama', 'War']",110705,1970-04-02,Franklin J. Schaffner,5.0,5.0,5.0,7.0,10.0,0.0,2.0,1.0,3.0,0,0,1,0,0,1,0,0,0,0,0,0,0,0,0,0,0,0,1,0
52,tt0064115,2012-12-21,2017-03-28,***** Actors: 4.6 Stars Direction: 4.8 Stars Screenplay: 4.7 StarsOscars: 4 Oscar Nominations: 7 BAFTA Awards: 8 BAFTA Nominations: 9 Golden Globes: 1 Golden Globe Nominations: 4,Butch Cassidy and the Sundance Kid,Butch Cassidy and the Sundance Kid,https://www.imdb.com/title/tt0064115/,Movie,8.0,110,1969,"['Biography', 'Crime', 'Drama', 'Western']",231496,1969-09-24,George Roy Hill,4.6,4.8,4.7,4.0,7.0,8.0,9.0,1.0,4.0,0,0,1,0,1,1,0,0,0,0,0,0,0,0,0,0,0,0,0,1
53,tt0040897,2012-12-21,2017-03-28,Actors: 4.7 Stars Direction: 4.8 Stars Screenplay: 4.8 StarsOscars: 3 Oscar Nominations: 4 BAFTA Awards: 0 BAFTA Nominations: 1 Golden Globes: 3 Golden Globe Nominations: 3,The Treasure of the Sierra Madre,The Treasure of the Sierra Madre,https://www.imdb.com/title/tt0040897/,Movie,8.2,126,1948,"['Adventure', 'Drama', 'Western']",136615,1948-01-24,John Huston,4.7,4.8,4.8,3.0,4.0,0.0,1.0,3.0,3.0,0,1,0,0,0,1,0,0,0,0,0,0,0,0,0,0,0,0,0,1
54,tt0060196,2013-10-08,2017-03-28,Actors: 5 Stars Direction: 5 Stars Screenplay: 5 StarsOscars: 0 Oscar Nominations: 0 BAFTA Awards: 0 BAFTA Award Nominations: 0 Golden Globes: 0 Golden Globe Nominations: 0,"The Good, the Bad and the Ugly","Il buono, il brutto, il cattivo",https://www.imdb.com/title/tt0060196/,Movie,8.8,178,1966,"['Adventure', 'Western']",846740,1967-12-29,Sergio Leone,5.0,5.0,5.0,0.0,0.0,0.0,0.0,0.0,0.0,0,1,0,0,0,0,0,0,0,0,0,0,0,0,0,0,0,0,0,1
55,tt0053604,2012-12-21,2017-03-28,Actors: 5 Stars Direction: 5 Stars Screenplay: 5 StarsOscars: 5 Oscar Nominations: 10 BAFTA Awards: 3 BAFTA Nominations: 3 Golden Globes: 3 Golden Globe Nominations: 4,The Apartment,The Apartment,https://www.imdb.com/title/tt0053604/,Movie,8.3,125,1960,"['Comedy', 'Drama', 'Romance']",207364,1960-06-29,Billy Wilder,5.0,5.0,5.0,5.0,10.0,3.0,3.0,3.0,4.0,0,0,0,1,0,1,0,0,0,0,0,0,0,0,1,0,0,0,0,0
56,tt0091763,2012-12-21,2017-03-28,***** Actors: 4.8 Stars Direction: 5 Stars Screenplay: 5 StarsOscars: 4 Oscar Nominations: 8 BAFTA Awards: 2 BAFTA Nominations: 3 Golden Globes: 3 Golden Globe Nominations: 4,Platoon,Platoon,https://www.imdb.com/title/tt0091763/,Movie,8.1,120,1986,"['Drama', 'War']",453120,1987-02-06,Oliver Stone,4.8,5.0,5.0,4.0,8.0,2.0,3.0,3.0,4.0,0,0,0,0,0,1,0,0,0,0,0,0,0,0,0,0,0,0,1,0
57,tt0044706,2012-12-21,2017-03-28,***** Actors: 4.6 Stars Direction: 4.7 Stars Screenplay: 4.7 StarsOscars: 4 Oscar Nominations: 7 BAFTA Awards: 0 BAFTA Nominations: 0 Golden Globes: 4 Golden Globe Nominations: 7,High Noon,High Noon,https://www.imdb.com/title/tt0044706/,Movie,7.9,85,1952,"['Drama', 'Thriller', 'Western']",113104,1952-07-30,Fred Zinnemann,4.6,4.7,4.7,4.0,7.0,0.0,0.0,4.0,7.0,0,0,0,0,0,1,0,0,0,0,0,0,0,0,0,0,0,1,0,1
58,tt0112573,2012-12-23,2017-03-28,Actors: 4.7 Stars Direction: 4.8 Stars Screenplay: 4.7 StarsOscars: 5 Oscar Nominations: 10 BAFTA Awards: 3 BAFTA Nominations: 5 Golden Globes: 1 Golden Globe Nominations: 4,Braveheart,Braveheart,https://www.imdb.com/title/tt0112573/,Movie,8.3,178,1995,"['Biography', 'Drama', 'War']",1123820,1995-05-24,Mel Gibson,4.7,4.8,4.7,5.0,10.0,3.0,5.0,1.0,4.0,0,0,1,0,0,1,0,0,0,0,0,0,0,0,0,0,0,0,1,0
59,tt0099348,2012-12-21,2017-03-28,***** Actors: 4.5 Stars Direction: 4.8 Stars Screenplay: 4.6 StarsOscars: 7 Oscar Nominations: 12 BAFTA Awards: 0 BAFTA Nominations: 9 Golden Globes: 3 Golden Globe Nominations: 6,Dances with Wolves,Dances with Wolves,https://www.imdb.com/title/tt0099348/,Movie,8.0,181,1990,"['Adventure', 'Drama', 'Western']",299755,1990-11-21,Kevin Costner,4.5,4.8,4.6,7.0,12.0,0.0,9.0,3.0,6.0,0,1,0,0,0,1,0,0,0,0,0,0,0,0,0,0,0,0,0,1
60,tt0107290,2016-07-14,2017-03-28,Actors: 4.6 Stars Direction: 4.9 Stars Screenplay: 4.7 StarsOscars: 3 Oscar Nominations: 3 BAFTA Awards: 1 BAFTA Nominations: 2 Golden Globes: 0 Golden Globe Nominations: 0,Jurassic Park,Jurassic Park,https://www.imdb.com/title/tt0107290/,Movie,8.2,127,1993,"['Action', 'Adventure', 'Sci-Fi', 'Thriller']",1110480,1993-06-11,Steven Spielberg,4.6,4.9,4.7,3.0,3.0,1.0,2.0,0.0,0.0,1,1,0,0,0,0,0,0,0,0,0,0,0,0,0,1,0,1,0,0
61,tt0070047,2013-05-04,2017-03-28,Actors: 4.8 Stars Direction: 4.8 Stars Screenplay: 4.8 StarsOscars: 2 Oscar Nominations: 10 BAFTA Awards: 0 BAFTA Nominations: 1 Golden Globes: 4 Golden Globe Nominations: 7,The Exorcist,The Exorcist,https://www.imdb.com/title/tt0070047/,Movie,8.1,122,1973,['Horror'],474411,1973-12-26,William Friedkin,4.8,4.8,4.8,2.0,10.0,0.0,1.0,4.0,7.0,0,0,0,0,0,0,0,0,0,0,1,0,0,0,0,0,0,0,0,0
62,tt0253474,2012-12-21,2017-03-28,***** Actors: 4.9 Stars Direction: 4.8 Stars Screenplay: 4.7 StarsOscars: 3 Oscar Nominations: 7 BAFTA Awards: 1 BAFTA Nominations: 5 Golden Globes: 0 Golden Globe Nominations: 2,The Pianist,The Pianist,https://www.imdb.com/title/tt0253474/,Movie,8.5,150,2002,"['Biography', 'Drama', 'Music', 'War']",960586,2003-03-28,Roman Polanski,4.9,4.8,4.7,3.0,7.0,1.0,5.0,0.0,2.0,0,0,1,0,0,1,0,0,0,0,0,1,0,0,0,0,0,0,1,0
63,tt0099685,2012-12-21,2017-03-28,***** Actors: 4.8 Stars Direction: 4.9 Stars Screenplay: 5 StarsOscars: 1 Oscar Nominations: 6 BAFTA Awards: 5 BAFTA Nominations: 7 Golden Globes: 0 Golden Globe Nominations: 5,Goodfellas,GoodFellas,https://www.imdb.com/title/tt0099685/,Movie,8.7,145,1990,"['Biography', 'Crime', 'Drama']",1314511,1990-09-21,Martin Scorsese,4.8,4.9,5.0,1.0,6.0,5.0,7.0,0.0,5.0,0,0,1,0,1,1,0,0,0,0,0,0,0,0,0,0,0,0,0,0
64,tt0077416,2012-12-21,2017-03-28,Actors: 5 Stars Direction: 4.8 Stars Screenplay: 4.9 StarsOscars: 5 Oscar Nominations: 9 BAFTA Awards: 2 BAFTA Nominations: 9 Golden Globes: 1 Golden Globe Nominations: 6,The Deer Hunter,The Deer Hunter,https://www.imdb.com/title/tt0077416/,Movie,8.1,183,1978,"['Drama', 'War']",373494,1979-02-23,Michael Cimino,5.0,4.8,4.9,5.0,9.0,2.0,9.0,1.0,6.0,0,0,0,0,0,1,0,0,0,0,0,0,0,0,0,0,0,0,1,0
65,tt0020629,2012-12-21,2017-03-28,***** Actors: 4.7 Stars Direction: 4.9 Stars Screenplay: 4.7 StarsOscars: 2 Oscar Nominations: 4 BAFTA Awards: N/A BAFTA Nominations: N/A Golden Globes: N/A Golden Globe Nominations: N/A,All Quiet on the Western Front,All Quiet on the Western Front,https://www.imdb.com/title/tt0020629/,Movie,8.1,152,1930,"['Drama', 'War']",69664,1930-08-24,Lewis Milestone,4.7,4.9,4.7,2.0,4.0,0.0,0.0,0.0,0.0,0,0,0,0,0,1,0,0,0,0,0,0,0,0,0,0,0,0,1,0
66,tt0061418,2015-04-19,2017-03-28,Actors: 4.8 Stars Direction: 4.7 Stars Screenplay: 4.8 StarsOscars: 2 Oscar Nominations: 10 BAFTA Awards: 2 BAFTA Nominations: 4 Golden Globes: 0 Golden Globe Nominations: 7,Bonnie and Clyde,Bonnie and Clyde,https://www.imdb.com/title/tt0061418/,Movie,7.7,111,1967,"['Action', 'Biography', 'Crime', 'Drama']",124133,1967-08-14,Arthur Penn,4.8,4.7,4.8,2.0,10.0,2.0,4.0,0.0,7.0,1,0,1,0,1,1,0,0,0,0,0,0,0,0,0,0,0,0,0,0
67,tt0067116,2012-12-21,2017-03-28,***** Actors: 4.9 Stars Direction: 4.8 Stars Screenplay: 4.8 StarsOscars: 5 Oscar Nominations: 8 BAFTA Awards: 2 BAFTA Nominations: 5 Golden Globes: 3 Golden Globe Nominations: 4,The French Connection,The French Connection,https://www.imdb.com/title/tt0067116/,Movie,7.7,104,1971,"['Action', 'Crime', 'Drama', 'Thriller']",143055,1971-10-09,William Friedkin,4.9,4.8,4.8,5.0,8.0,2.0,5.0,3.0,4.0,1,0,0,0,1,1,0,0,0,0,0,0,0,0,0,0,0,1,0,0
68,tt0021749,2013-09-11,2017-03-28,***** Actors: 4.9 Stars Direction: 4.9 Stars Screenplay: 4.8 StarsOscars: 0 Oscar Nominations: 0 BAFTA Awards: N/A BAFTA Nominations: N/A Golden Globes: N/A Golden Globe Nominations: N/A,City Lights,City Lights,https://www.imdb.com/title/tt0021749/,Movie,8.5,87,1931,"['Comedy', 'Drama', 'Romance']",205554,1931-03-07,Charles Chaplin,4.9,4.9,4.8,0.0,0.0,0.0,0.0,0.0,0.0,0,0,0,1,0,1,0,0,0,0,0,0,0,0,1,0,0,0,0,0
69,tt0025316,2012-12-21,2017-03-28,***** Actors: 4.7 Stars Direction: 4.8 Stars Screenplay: 4.8 StarsOscars: 5 Oscar Nominations: 5 BAFTA Awards: N/A BAFTA Nominations: N/A Golden Globes: N/A Golden Globe Nominations: N/A,It Happened One Night,It Happened One Night,https://www.imdb.com/title/tt0025316/,Movie,8.1,105,1934,"['Comedy', 'Romance']",116231,1934-02-22,Frank Capra,4.7,4.8,4.8,5.0,5.0,0.0,0.0,0.0,0.0,0,0,0,1,0,0,0,0,0,0,0,0,0,0,1,0,0,0,0,0
70,tt0043924,2012-12-21,2017-03-28,***** Actors: 4.6 Stars Direction: 4.8 Stars Screenplay: 4.7 StarsOscars: 6 Oscar Nominations: 9 BAFTA Awards: 0 BAFTA Nominations: 0 Golden Globes: 1 Golden Globe Nominations: 4,A Place in the Sun,A Place in the Sun,https://www.imdb.com/title/tt0043924/,Movie,7.7,122,1951,"['Drama', 'Romance']",25734,1951-11-09,George Stevens,4.6,4.8,4.7,6.0,9.0,0.0,0.0,1.0,4.0,0,0,0,0,0,1,0,0,0,0,0,0,0,0,1,0,0,0,0,0
71,tt0064665,2012-12-21,2017-03-28,***** Actors: 4.8 Stars Direction: 4.7 Stars Screenplay: 4.9 StarsOscars: 3 Oscar Nominations: 7 BAFTA Awards: 6 BAFTA Nominations: 6 Golden Globes: 1 Golden Globe Nominations: 7,Midnight Cowboy,Midnight Cowboy,https://www.imdb.com/title/tt0064665/,Movie,7.8,113,1969,['Drama'],125747,1969-05-25,John Schlesinger,4.8,4.7,4.9,3.0,7.0,6.0,6.0,1.0,7.0,0,0,0,0,0,1,0,0,0,0,0,0,0,0,0,0,0,0,0,0
72,tt0031679,2012-12-21,2017-03-28,Actors: 4.8 Stars Direction: 4.8 Stars Screenplay: 4.8 StarsOscars: 1 Oscar Nominations: 11 BAFTA Awards: N/A BAFTA Nominations: N/A Golden Globes: N/A Golden Globe Nominations: N/A,Mr. Smith Goes to Washington,Mr. Smith Goes to Washington,https://www.imdb.com/title/tt0031679/,Movie,8.1,129,1939,"['Comedy', 'Drama']",125190,1939-10-19,Frank Capra,4.8,4.8,4.8,1.0,11.0,0.0,0.0,0.0,0.0,0,0,0,1,0,1,0,0,0,0,0,0,0,0,0,0,0,0,0,0
73,tt0095953,2012-12-23,2017-03-28,Actors: 5 Stars Direction: 4.9 Stars Screenplay: 4.8 StarsOscars: 4 Oscar Nominations: 8 BAFTA Awards: 0 BAFTA Nominations: 3 Golden Globes: 2 Golden Globe Nominations: 4,Rain Man,Rain Man,https://www.imdb.com/title/tt0095953/,Movie,8.0,133,1988,['Drama'],561743,1988-12-16,Barry Levinson,5.0,4.9,4.8,4.0,8.0,0.0,3.0,2.0,4.0,0,0,0,0,0,1,0,0,0,0,0,0,0,0,0,0,0,0,0,0
74,tt0075686,2012-12-21,2017-03-28,***** Actors: 4.8 Stars Direction: 5 Stars Screenplay: 4.9 StarsOscars: 4 Oscar Nominations: 5 BAFTA Awards: 5 BAFTA Nominations: 6 Golden Globes: 1 Golden Globe Nominations: 5,Annie Hall,Annie Hall,https://www.imdb.com/title/tt0075686/,Movie,7.9,93,1977,"['Comedy', 'Romance']",283212,1977-04-20,Woody Allen,4.8,5.0,4.9,4.0,5.0,5.0,6.0,1.0,5.0,0,0,0,1,0,0,0,0,0,0,0,0,0,0,1,0,0,0,0,0
75,tt0116282,2012-12-21,2017-03-28,Actors: 5 Stars Direction: 5 Stars Screenplay: 5 StarsOscars: 2 Oscar Nominations: 7 BAFTA Awards: 1 BAFTA Nominations: 6 Golden Globes: 0 Golden Globe Nominations: 4,Fargo,Fargo,https://www.imdb.com/title/tt0116282/,Movie,8.1,98,1996,"['Crime', 'Drama', 'Thriller']",751254,1996-04-05,"Joel Coen, Ethan Coen",5.0,5.0,5.0,2.0,7.0,1.0,6.0,0.0,4.0,0,0,0,0,1,1,0,0,0,0,0,0,0,0,0,0,0,1,0,0
76,tt0049261,2012-12-21,2017-03-28,***** Actors: 4.8 Stars Direction: 4.7 Stars Screenplay: 4.8 StarsOscars: 1 Oscar Nominations: 10 BAFTA Awards: 0 BAFTA Nominations: 0 Golden Globes: 0 Golden Globe Nominations: 1,Giant,Giant,https://www.imdb.com/title/tt0049261/,Movie,7.6,201,1956,"['Drama', 'Western']",43615,1956-11-24,George Stevens,4.8,4.7,4.8,1.0,10.0,0.0,0.0,0.0,1.0,0,0,0,0,0,1,0,0,0,0,0,0,0,0,0,0,0,0,0,1
77,tt0046303,2012-12-21,2017-03-28,Actors: 4.7 Stars Direction: 4.8 Stars Screenplay: 4.7 StarsOscars: 1 Oscar Nominations: 6 BAFTA Awards: 0 BAFTA Nominations: 2 Golden Globes: 0 Golden Globe Nominations: 0,Shane,Shane,https://www.imdb.com/title/tt0046303/,Movie,7.6,118,1953,"['Drama', 'Western']",45810,1953-08-14,George Stevens,4.7,4.8,4.7,1.0,6.0,0.0,2.0,0.0,0.0,0,0,0,0,0,1,0,0,0,0,0,0,0,0,0,0,0,0,0,1
78,tt0032551,2012-12-21,2017-03-28,Actors: 4.6 Stars Direction: 4.8 Stars Screenplay: 4.7 StarsOscars: 2 Oscar Nominations: 7 BAFTA Awards: N/A BAFTA Nominations: N/A Golden Globes: N/A Golden Globe Nominations: N/A,The Grapes of Wrath,The Grapes of Wrath,https://www.imdb.com/title/tt0032551/,Movie,8.1,129,1940,['Drama'],103550,1940-03-15,John Ford,4.6,4.8,4.7,2.0,7.0,0.0,0.0,0.0,0.0,0,0,0,0,0,1,0,0,0,0,0,0,0,0,0,0,0,0,0,0
79,tt0120689,2014-06-02,2017-03-28,Actors: 4.8 Stars Direction: 4.9 Stars Screenplay: 4.9 StarsOscars: 0 Oscar Nominations: 4 BAFTA Awards: 0 BAFTA Nominations: 0 Golden Globes: 0 Golden Globe Nominations: 1,The Green Mile,The Green Mile,https://www.imdb.com/title/tt0120689/,Movie,8.6,189,1999,"['Crime', 'Drama', 'Fantasy', 'Mystery']",1473850,1999-12-10,Frank Darabont,4.8,4.9,4.9,0.0,4.0,0.0,0.0,0.0,1.0,0,0,0,0,1,1,0,1,0,0,0,0,0,1,0,0,0,0,0,0
80,tt0075860,2014-05-18,2017-03-28,Actors: 4.6 Stars Direction: 4.9 Stars Screenplay: 4.7 StarsOscars: 1 Oscar Nominations: 8 BAFTA Awards: 0 BAFTA Nominations: 4 Golden Globes: 1 Golden Globe Nominations: 8,Close Encounters of the Third Kind,Close Encounters of the Third Kind,https://www.imdb.com/title/tt0075860/,Movie,7.6,138,1977,"['Drama', 'Sci-Fi']",224403,1977-12-14,Steven Spielberg,4.6,4.9,4.7,1.0,8.0,0.0,4.0,1.0,8.0,0,0,0,0,0,1,0,0,0,0,0,0,0,0,0,1,0,0,0,0
81,tt0073440,2013-04-06,2017-03-28,***** Actors: 4.7 Stars Direction: 4.8 Stars Screenplay: 4.8 StarsOscars: 1 Oscar Nominations: 5 BAFTA Awards: 1 BAFTA Nominations: 5 Golden Globes: 1 Golden Globe Nominations: 11,Nashville,Nashville,https://www.imdb.com/title/tt0073440/,Movie,7.6,160,1975,"['Comedy', 'Drama', 'Music']",29642,1975-07,Robert Altman,4.7,4.8,4.8,1.0,5.0,1.0,5.0,1.0,11.0,0,0,0,1,0,1,0,0,0,0,0,1,0,0,0,0,0,0,0,0
82,tt0074958,2012-12-21,2017-03-28,Actors: 4.8 Stars Direction: 4.9 Stars Screenplay: 4.9 StarsOscars: 4 Oscar Nominations: 10 BAFTA Awards: 1 BAFTA Nominations: 9 Golden Globes: 4 Golden Globe Nominations: 5,Network,Network,https://www.imdb.com/title/tt0074958/,Movie,8.1,121,1976,['Drama'],177821,1976-11-27,Sidney Lumet,4.8,4.9,4.9,4.0,10.0,1.0,9.0,4.0,5.0,0,0,0,0,0,1,0,0,0,0,0,0,0,0,0,0,0,0,0,0
83,tt0061722,2012-12-21,2017-03-28,Actors: 5 Stars Direction: 4.8 Stars Screenplay: 4.8 StarsOscars: 1 Oscar Nominations: 7 BAFTA Awards: 5 BAFTA Nominations: 7 Golden Globes: 5 Golden Globe Nominations: 7,The Graduate,The Graduate,https://www.imdb.com/title/tt0061722/,Movie,8.0,106,1967,"['Comedy', 'Drama', 'Romance']",295480,1967-12-21,Mike Nichols,5.0,4.8,4.8,1.0,7.0,5.0,7.0,5.0,7.0,0,0,0,1,0,1,0,0,0,0,0,0,0,0,1,0,0,0,0,0
84,tt0069704,2012-12-21,2017-03-28,***** Actors: 4.7 Stars Direction: 4.8 Stars Screenplay: 4.8 StarsOscars: 0 Oscar Nominations: 5 BAFTA Awards: 0 BAFTA Nominations: 1 Golden Globes: 2 Golden Globe Nominations: 4,American Graffiti,American Graffiti,https://www.imdb.com/title/tt0069704/,Movie,7.4,110,1973,"['Comedy', 'Drama']",101579,1973-08-11,George Lucas,4.7,4.8,4.8,0.0,5.0,0.0,1.0,2.0,4.0,0,0,0,1,0,1,0,0,0,0,0,0,0,0,0,0,0,0,0,0
85,tt0110912,2012-12-21,2017-03-28,Actors: 4.7 Stars Direction: 4.9 Stars Screenplay: 5 StarsOscars: 1 Oscar Nominations: 7 BAFTA Awards: 2 BAFTA Nominations: 8 Golden Globes: 1 Golden Globe Nominations: 6,Pulp Fiction,Pulp Fiction,https://www.imdb.com/title/tt0110912/,Movie,8.9,154,1994,"['Crime', 'Drama']",2317096,1994-10-14,Quentin Tarantino,4.7,4.9,5.0,1.0,7.0,2.0,8.0,1.0,6.0,0,0,0,0,1,1,0,0,0,0,0,0,0,0,0,0,0,0,0,0
86,tt0086425,2012-12-23,2017-03-28,***** Actors: 5 Stars Direction: 4.9 Stars Screenplay: 4.9 StarsOscars: 5 Oscar Nominations: 11 BAFTA Awards: 0 BAFTA Nominations: 1 Golden Globes: 4 Golden Globe Nominations: 6,Terms of Endearment,Terms of Endearment,https://www.imdb.com/title/tt0086425/,Movie,7.4,132,1983,"['Comedy', 'Drama']",67848,1983-12-09,James L. Brooks,5.0,4.9,4.9,5.0,11.0,0.0,1.0,4.0,6.0,0,0,0,1,0,1,0,0,0,0,0,0,0,0,0,0,0,0,0,0
87,tt0119217,2013-10-29,2017-03-28,Actors: 4.8 Stars Direction: 4.9 Stars Screenplay: 5 StarsOscars: 2 Oscar Nominations: 9 BAFTA Awards: 0 BAFTA Nominations: 0 Golden Globes: 1 Golden Globe Nominations: 4,Good Will Hunting,Good Will Hunting,https://www.imdb.com/title/tt0119217/,Movie,8.3,126,1997,"['Drama', 'Romance']",1127389,1998-01-09,Gus Van Sant,4.8,4.9,5.0,2.0,9.0,0.0,0.0,1.0,4.0,0,0,0,0,0,1,0,0,0,0,0,0,0,0,1,0,0,0,0,0
88,tt0043265,2012-12-21,2017-03-28,Actors: 4.7 Stars Direction: 4.8 Stars Screenplay: 4.8 StarsOscars: 1 Oscar Nominations: 4 BAFTA Awards: 0 BAFTA Nominations: 3 Golden Globes: 0 Golden Globe Nominations: 0,The African Queen,The African Queen,https://www.imdb.com/title/tt0043265/,Movie,7.7,105,1951,"['Adventure', 'Drama', 'Romance', 'War']",86485,1952-03-21,John Huston,4.7,4.8,4.8,1.0,4.0,0.0,3.0,0.0,0.0,0,1,0,0,0,1,0,0,0,0,0,0,0,0,1,0,0,0,1,0
89,tt0031971,2012-12-21,2017-03-28,Actors: 4.6 Stars Direction: 4.8 Stars Screenplay: 4.7 StarsOscars: 2 Oscar Nominations: 7 BAFTA Awards: N/A BAFTA Nominations: N/A Golden Globes: N/A Golden Globe Nominations: N/A,Stagecoach,Stagecoach,https://www.imdb.com/title/tt0031971/,Movie,7.8,96,1939,"['Adventure', 'Drama', 'Western']",56127,1939-03-03,John Ford,4.6,4.8,4.7,2.0,7.0,0.0,0.0,0.0,0.0,0,1,0,0,0,1,0,0,0,0,0,0,0,0,0,0,0,0,0,1
90,tt0026752,2012-12-21,2017-03-28,Actors: 4.9 Stars Direction: 4.7 Stars Screenplay: 4.8 StarsOscars: 1 Oscar Nominations: 8 BAFTA Awards: N/A BAFTA Nominations: N/A Golden Globes: N/A Golden Globe Nominations: N/A,Mutiny on the Bounty,Mutiny on the Bounty,https://www.imdb.com/title/tt0026752/,Movie,7.6,132,1935,"['Adventure', 'Biography', 'Drama', 'History', 'Romance']",25663,1936-01-12,Frank Lloyd,4.9,4.7,4.8,1.0,8.0,0.0,0.0,0.0,0.0,0,1,1,0,0,1,0,0,0,1,0,0,0,0,1,0,0,0,0,0
91,tt0032553,2015-11-04,2017-03-28,Actors: 5 Stars Direction: 4.9 Stars Screenplay: 4.8 StarsOscars: 0 Oscar Nominations: 5 BAFTA Awards: 0 BAFTA Nominations: 0 Golden Globes: 0 Golden Globe Nominations: 0,The Great Dictator,The Great Dictator,https://www.imdb.com/title/tt0032553/,Movie,8.4,125,1940,"['Comedy', 'Drama', 'War']",247530,1941-03-07,Charles Chaplin,5.0,4.9,4.8,0.0,5.0,0.0,0.0,0.0,0.0,0,0,0,1,0,1,0,0,0,0,0,0,0,0,0,0,0,0,1,0
92,tt0036775,2012-12-21,2017-03-28,Actors: 4.8 Stars Direction: 4.8 Stars Screenplay: 4.8 StarsOscars: 0 Oscar Nominations: 7 BAFTA Awards: N/A BAFTA Nominations: N/A Golden Globes: N/A Golden Globe Nominations: N/A,Double Indemnity,Double Indemnity,https://www.imdb.com/title/tt0036775/,Movie,8.3,107,1944,"['Crime', 'Drama', 'Film-Noir', 'Mystery', 'Thriller']",173686,1944-07-06,Billy Wilder,4.8,4.8,4.8,0.0,7.0,0.0,0.0,0.0,0.0,0,0,0,0,1,1,0,0,1,0,0,0,0,1,0,0,0,1,0,0
93,tt0033870,2012-12-21,2017-03-28,Actors: 4.7 Stars Direction: 4.7 Stars Screenplay: 4.8 StarsOscars: 0 Oscar Nominations: 3 BAFTA Awards: N/A BAFTA Nominations: N/A Golden Globes: N/A Golden Globe Nominations: N/A,The Maltese Falcon,The Maltese Falcon,https://www.imdb.com/title/tt0033870/,Movie,7.9,100,1941,"['Crime', 'Drama', 'Film-Noir', 'Mystery', 'Romance']",170425,1941-10-18,John Huston,4.7,4.7,4.8,0.0,3.0,0.0,0.0,0.0,0.0,0,0,0,0,1,1,0,0,1,0,0,0,0,1,1,0,0,0,0,0
94,tt0032145,2012-12-21,2017-03-28,***** Actors: 4.8 Stars Direction: 4.9 Stars Screenplay: 4.8 StarsOscars: 1 Oscar Nominations: 8 BAFTA Awards: N/A BAFTA Nominations: N/A Golden Globes: N/A Golden Globe Nominations: N/A,Wuthering Heights,Wuthering Heights,https://www.imdb.com/title/tt0032145/,Movie,7.5,104,1939,"['Drama', 'Romance']",20519,1939-04-07,William Wyler,4.8,4.9,4.8,1.0,8.0,0.0,0.0,0.0,0.0,0,0,0,0,0,1,0,0,0,0,0,0,0,0,1,0,0,0,0,0
95,tt0075314,2012-12-21,2017-03-28,Actors: 5 Stars Direction: 5 Stars Screenplay: 4.8 StarsOscars: 0 Oscar Nominations: 4 BAFTA Awards: 2 BAFTA Nominations: 6 Golden Globes: 0 Golden Globe Nominations: 2,Taxi Driver,Taxi Driver,https://www.imdb.com/title/tt0075314/,Movie,8.2,114,1976,"['Crime', 'Drama']",970398,1976-02-09,Martin Scorsese,5.0,5.0,4.8,0.0,4.0,2.0,6.0,0.0,2.0,0,0,0,0,1,1,0,0,0,0,0,0,0,0,0,0,0,0,0,0
96,tt0047396,2012-12-21,2017-03-28,Actors: 4.8 Stars Direction: 5 Stars Screenplay: 4.9 StarsOscars: 0 Oscar Nominations: 4 BAFTA Awards: 0 BAFTA Nominations: 1 Golden Globes: 0 Golden Globe Nominations: 0,Rear Window,Rear Window,https://www.imdb.com/title/tt0047396/,Movie,8.5,112,1954,"['Drama', 'Mystery', 'Thriller']",542760,1954-09-01,Alfred Hitchcock,4.8,5.0,4.9,0.0,4.0,0.0,1.0,0.0,0.0,0,0,0,0,0,1,0,0,0,0,0,0,0,1,0,0,0,1,0,0
97,tt0041959,2012-12-21,2017-03-28,Actors: 4.8 Stars Direction: 4.9 Stars Screenplay: 4.8 StarsOscars: 1 Oscar Nominations: 3 BAFTA Awards: 1 BAFTA Nominations: 2 Golden Globes: 0 Golden Globe Nominations: 0,The Third Man,The Third Man,https://www.imdb.com/title/tt0041959/,Movie,8.1,104,1949,"['Drama', 'Film-Noir', 'Mystery', 'Thriller']",188673,1950-02-01,Carol Reed,4.8,4.9,4.8,1.0,3.0,1.0,2.0,0.0,0.0,0,0,0,0,0,1,0,0,1,0,0,0,0,1,0,0,0,1,0,0
98,tt0048545,2012-12-21,2017-03-28,***** Actors: 4.7 Stars Direction: 4.7 Stars Screenplay: 4.8 StarsOscars: 0 Oscar Nominations: 3 BAFTA Awards: 0 BAFTA Nominations: 2 Golden Globes: 0 Golden Globe Nominations: 0,Rebel Without a Cause,Rebel Without a Cause,https://www.imdb.com/title/tt0048545/,Movie,7.6,111,1955,['Drama'],100422,1955-10-27,Nicholas Ray,4.7,4.7,4.8,0.0,3.0,0.0,2.0,0.0,0.0,0,0,0,0,0,1,0,0,0,0,0,0,0,0,0,0,0,0,0,0
99,tt0053125,2012-12-21,2017-03-28,Actors: 4.8 Stars Direction: 4.9 Stars Screenplay: 4.8 StarsOscars: 0 Oscar Nominations: 3 BAFTA Awards: 0 BAFTA Nominations: 0 Golden Globes: 0 Golden Globe Nominations: 0,North by Northwest,North by Northwest,https://www.imdb.com/title/tt0053125/,Movie,8.3,136,1959,"['Adventure', 'Drama', 'Mystery', 'Thriller']",358758,1959-12-18,Alfred Hitchcock,4.8,4.9,4.8,0.0,3.0,0.0,0.0,0.0,0.0,0,1,0,0,0,1,0,0,0,0,0,0,0,1,0,0,0,1,0,0
100,tt0035575,2013-04-06,2017-03-28,Actors: 4.6 Stars Direction: 4.7 Stars Screenplay: 4.6 StarsOscars: 3 Oscar Nominations: 8 BAFTA Awards: 0 BAFTA Nominations: 0 Golden Globes: 0 Golden Globe Nominations: 0,Yankee Doodle Dandy,Yankee Doodle Dandy,https://www.imdb.com/title/tt0035575/,Movie,7.6,126,1942,"['Biography', 'Drama', 'Family', 'Music', 'Musical']",17413,1942-06-06,Michael Curtiz,4.6,4.7,4.6,3.0,8.0,0.0,0.0,0.0,0.0,0,0,1,0,0,1,1,0,0,0,0,1,1,0,0,0,0,0,0,0
